{"aspectRatio": 1, "isometricAngle": 0, "uniformEdgeCosts": False, "rotation": { "x": 0, "y": 0, "z": 0 }, "center": { "x": 250, "y": 0, "z": 250 }, "unclampedSize": { "x": 500, "y": 500 }, "nodeSize": 2.5, "collision": {"type": "Capsule", "diameter": 4, "height": 2, "collisionOffset": 0, "rayDirection": "Both", "mask": { "value": 2 }, "heightMask": { "value": 3073 }, "fromHeight": 1000, "thickRaycast": False, "thickRaycastDiameter": 1, "unwalkableWhenNoGround": False, "use2D": False, "collisionCheck": True, "heightCheck": True, "up": { "x": 0, "y": 1, "z": 0 }}, "maxClimb": 3.39, "maxClimbAxis": 1, "maxSlope": 26, "erodeIterations": 2, "erosionUseTags": False, "erosionFirstTag": 1, "autoLinkGrids": False, "autoLinkDistLimit": 10, "neighbours": "Eight", "cutCorners": True, "penaltyPositionOffset": 0, "penaltyPosition": False, "penaltyPositionFactor": 0, "penaltyAngle": False, "penaltyAngleFactor": 20000, "penaltyAnglePower": 5, "guid": { "value": "e610e4d622d44266-923a962645936489" }, "initialPenalty": 0, "open": True, "name": "Grid Graph", "drawGizmos": True, "infoScreenOpen": False}